{
  "name": "AppUser",
  "base": "User",
  "idInjection": true,
  "options": {
    "validateUpsert": true
  },
  "properties": {
    "userNameDetails": {
      "type": {
        "firstName": {
          "type": "string"
        },
        "lastName": {
          "type": "string"
        },
        "gender": {
          "type": "string"
        },
        "birthDate": {
          "type": "date"
        }
      }
    },
    "designation": {
      "type": "string"
    }
  },
  "validations": [],
  "relations": {
    "bookings": {
      "type": "hasMany",
      "model": "Booking",
      "foreignKey": "userId"
    },
    "bookingRequests": {
      "type": "hasMany",
      "model": "BookingRequest",
      "foreignKey": "userId"
    },
    "projectAssignedTo": {
      "type": "belongsTo",
      "model": "Project",
      "foreignKey": "projectId"
    }
  },
  "acls": [
    {
      "accessType": "*",
      "principalType": "ROLE",
      "principalId": "$owner",
      "permission": "ALLOW"
    }
  ],
  "methods": []
}
