{
  "name": "Asset",
  "base": "PersistedModel",
  "idInjection": true,
  "options": {
    "validateUpsert": true
  },
  "properties": {
    "assetId": {
      "type": "number",
      "id": true,
      "generated": true
    },
    "type": {
      "type": "string",
      "required": true
    },
    "description": {
      "type": "string"
    }
  },
  "validations": [],
  "relations": {
      "port": {
      "type": "belongsTo",
      "model": "Port",
      "foreignKey": "portId"
    }
  },
  "acls": [],
  "methods": []
}
