{
  "name": "Booking",
  "plural": "bookings",
  "base": "PersistedModel",
  "idInjection": true,
  "options": {
    "validateUpsert": true
  },
  "properties": {
    "bookingId": {
      "type": "number",
      "id": true,
      "generated": true
    },
    "resourceType": {
      "type": "string",
      "required": true
    },
    "bookedFrom": {
      "type": "date",
      "required": true
    },
    "bookedTo": {
      "type": "date",
      "required": true
    }
  },
  "validations": [],
  "relations": {
    "user": {
      "type": "belongsTo",
      "model": "AppUser",
      "foreignKey": "userId"
    },
    "project": {
      "type": "belongsTo",
      "model": "Project",
      "foreignKey": "projectId"
    },
    "request": {
      "type": "belongsTo",
      "model": "BookingRequest",
      "foreignKey": "requestId"
    },
    "bridge": {
      "type": "belongsTo",
      "model": "Bridge",
      "foreignKey": "bridgeId"
    },
    "port": {
      "type": "belongsTo",
      "model": "Port",
      "foreignKey": "portId"
    }
  },
  "acls": [],
  "methods": []
}
