{
  "name": "BookingRequest",
  "plural": "requests",
  "base": "PersistedModel",
  "idInjection": true,
  "options": {
    "validateUpsert": true
  },
  "properties": {
    "bookedOn": {
      "type": "date",
      "required": true
    },
    "resourceType": {
      "type": "string",
      "required": true
    },
    "resourceId": {
      "type": "string",
      "required": true
    },
    "bookedFrom": {
      "type": "date",
      "required": true
    },
    "bookedTo": {
      "type": "date",
      "required": true
    },
    "reoccuring": {
      "type": "boolean",
      "required": false
    },
    "occuranceFrequency": {
      "type": "string",
      "required": false
    },
    "approved": {
      "type": "boolean"
    },
      "projectId": {
      "type": "String"
    },
    "requestId": {
      "type": "number",
      "id": true,
      "generated": true
    }
  },
  "validations": [],
  "relations": {
    "bookedBy": {
      "type": "belongsTo",
      "model": "User",
      "foreignKey": "userId"
    },
    "reserveBridge": {
      "type": "hasOne",
      "model": "Bridge",
      "foreignKey": "bridgeId"
    },
    "reservePort": {
      "type": "hasOne",
      "model": "Port",
      "foreignKey": "portId"
    }
  },
  "acls": [],
  "methods": []
}
