{
  "name": "Bridge",
  "plural": "bridge",
  "base": "PersistedModel",
  "idInjection": true,
  "options": {
    "validateUpsert": true
  },
  "properties": {
    "bridgeId": {
      "type": "number",
      "id": true,
      "generated": true
    },
    "bridgeNo": {
      "type": "string",
      "required": true
    },
    "active": {
      "type": "boolean",
      "required": true
    },
    "availableFrom": {
      "type": "date",
      "required": true
    },
    "availableTo": {
      "type": "date",
      "required": true
    },
    "callDetails": {
      "type": "object"
    },
    "passcode": {
      "type": "number",
      "required": true
    },
    "updateHistory": {
      "type": [
        "object"
      ]
    }
  },
  "validations": [],
  "relations": {
    "projectsAssignedTo": {
      "type": "hasMany",
      "model": "Project",
      "foreignKey": "projectId"
    }
  },
  "acls": [],
  "methods": []
}
