{
  "name": "Port",
  "plural": "ports",
  "base": "PersistedModel",
  "idInjection": true,
  "options": {
    "validateUpsert": true
  },
  "properties": {
    "portId": {
      "type": "number",
      "id": true,
      "generated": true
    },
    "portNo": {
      "type": "string",
      "required": true
    },
    "location": {
      "type": {
        "building": {
          "type": "string"
        },
        "wing": {
          "type": "string"
        },
        "level": {
          "type": "string"
        },
        "bay": {
          "type": "string"
        }
      }
    },
    "active": {
      "type": "boolean",
      "required": true
    },
    "availableFrom": {
      "type": "date",
      "required": true
    },
    "availableTo": {
      "type": "date",
      "required": true
    },
    "updateHistory": {
      "type": [
        {
          "lastUpdatedBy": {
            "type": "string"
          },
          "lastUpdatedOn": {
            "type": "date"
          },
          "comments": {
            "type": "string"
          }
        }
      ]
    }
  },
  "validations": [],
  "relations": {
    "assetsAvailable": {
      "type": "hasMany",
      "model": "Asset",
      "foreignKey": "portId"
    },
    "projectsAssignedTo": {
      "type": "belongsTo",
      "model": "Project",
      "foreignKey": "projectId"
    }
  },
  "acls": [],
  "methods": []
}
