[
  {
    "portId": "55c8b98a7eb1b8642918d341",
    "portNo": "12546",
    "location": {
      "building": "GLT 1",
      "wing": "",
      "level": "1",
      "bay": ""
    },
    "active": true,
    "availableFrom": "2015-01-01T00:00:00.000Z",
    "availableTo": "2015-12-31T00:00:00.000Z",
    "updateHistory": [
      {
        "lastUpdatedBy": "55c8af1c7eb1b8642918d340",
        "lastUpdatedOn": "2015-08-10T00:00:00.000Z",
        "comments": "New port added"
      }
    ],
    "projectId": "55c8adbf7eb1b8642918d33f",
    "projectsAssignedTo": {
      "projectId": "55c8adbf7eb1b8642918d33f",
      "name": "IIP",
      "businessUnit": "Global Insurance",
      "department": "RBWM"
    },
    "assetsAvailable": [
      {
        "assetId": "55c9769210ee34cc2724faf5",
        "type": "Monitor",
        "description": "15 Inch LG",
        "portId": "55c8b98a7eb1b8642918d341"
      },
      {
        "assetId": "55c976a210ee34cc2724faf6",
        "type": "Keyboard",
        "description": "",
        "portId": "55c8b98a7eb1b8642918d341"
      }
    ]
  }
]