[{"portId":"55c8b98a7eb1b8642918d341","portNo":"12546","location":{"building":"GLT 1","wing":"","level":"1","bay":""},"active":true,"availableFrom":"2015-01-01T00:00:00.000Z","availableTo":"2015-12-31T00:00:00.000Z","updateHistory":[{"lastUpdatedBy":"55c8af1c7eb1b8642918d340","lastUpdatedOn":"2015-08-10T00:00:00.000Z","comments":"New port added"}],"projectId":"55c8adbf7eb1b8642918d33f"},{"portId":"55c8cf477eb1b8642918d342","portNo":"11745","location":{"building":"GLT 5","wing":"","level":"4","bay":""},"active":true,"availableFrom":"2015-01-01T00:00:00.000Z","availableTo":"2015-10-31T00:00:00.000Z","updateHistory":[{"lastUpdatedBy":"55c8af1c7eb1b8642918d340","lastUpdatedOn":"2015-08-10T00:00:00.000Z","comments":"New port added"}],"projectId":"55c8adbf7eb1b8642918d33f"},{"portId":"55c9bfe510ee34cc2724faf9","portNo":"25455","location":{"building":"GLT 1","wing":"","level":"1","bay":""},"active":true,"availableFrom":"2015-08-01T00:00:00.000Z","availableTo":"2015-08-21T00:00:00.000Z","updateHistory":[{"lastUpdatedBy":"","lastUpdatedOn":"2015-08-11T00:00:00.000Z","comments":""}],"projectId":"55c8adbf7eb1b8642918d33f"},{"portId":"55c9c02c10ee34cc2724fafa","portNo":"26584","location":{"building":"GLT 5","wing":"","level":"4","bay":""},"active":true,"availableFrom":"2015-05-01T00:00:00.000Z","availableTo":"2015-08-31T00:00:00.000Z","updateHistory":[{"lastUpdatedBy":"","lastUpdatedOn":"2015-08-11T00:00:00.000Z","comments":""}],"projectId":"55c8adbf7eb1b8642918d33f"},{"portId":"55c9c07510ee34cc2724fafb","portNo":"11452","location":{"building":"GLT 1","wing":"","level":"1","bay":""},"active":true,"availableFrom":"2015-06-01T00:00:00.000Z","availableTo":"2015-10-01T00:00:00.000Z","updateHistory":[{"lastUpdatedBy":"","lastUpdatedOn":"2015-08-11T00:00:00.000Z","comments":""}],"projectId":"55c8adbf7eb1b8642918d33f"},{"portId":"55c9c0a910ee34cc2724fafc","portNo":"25632","location":{"building":"GLT 1","wing":"","level":"2","bay":""},"active":true,"availableFrom":"2015-03-01T00:00:00.000Z","availableTo":"2015-08-31T00:00:00.000Z","updateHistory":[{"lastUpdatedBy":"","lastUpdatedOn":"2015-08-11T00:00:00.000Z","comments":""}],"projectId":"55c8adbf7eb1b8642918d33f"},{"portId":"55c9c0c810ee34cc2724fafd","portNo":"45125","location":{"building":"GLT 5","wing":"","level":"4","bay":""},"active":true,"availableFrom":"2015-03-01T00:00:00.000Z","availableTo":"2015-08-31T00:00:00.000Z","updateHistory":[{"lastUpdatedBy":"","lastUpdatedOn":"2015-08-11T00:00:00.000Z","comments":""}],"projectId":"55c8adbf7eb1b8642918d33f"}]