[{"bookedOn":"2015-08-17T00:00:00.000Z","resourceType":"Port","resourceId":"55c9c0c810ee34cc2724fafd","bookedFrom":"2015-08-17T00:00:00.000Z","bookedTo":"2015-08-17T00:00:00.000Z","reoccuring":false,"occuranceFrequency":"","approved":true,"requestId":"55d1857d33fdf12c1f110513","userId":"55c8af1c7eb1b8642918d340"},{"bookedOn":"2015-08-17T00:00:00.000Z","resourceType":"Port","resourceId":"55c9c0c810ee34cc2724fafd","bookedFrom":"2015-08-17T00:00:00.000Z","bookedTo":"2015-08-17T00:00:00.000Z","reoccuring":false,"occuranceFrequency":"D","approved":true,"projectId":"55c8adbf7eb1b8642918d33f","requestId":"55d1962e73a14d100b47878a","userId":"55c8af1c7eb1b8642918d340"},{"bookedOn":"2015-08-17T00:00:00.000Z","resourceType":"Port","resourceId":"55c9c0c810ee34cc2724fafd","bookedFrom":"2015-08-17T00:00:00.000Z","bookedTo":"2015-09-21T00:00:00.000Z","reoccuring":false,"occuranceFrequency":"M","approved":true,"requestId":"55d19b38d14a8f8025183a11","userId":"55c8af1c7eb1b8642918d340"},{"bookedOn":"2015-08-17T00:00:00.000Z","resourceType":"Test2","resourceId":"55c9c0c810ee34cc2724fafd","bookedFrom":"2015-08-17T00:00:00.000Z","bookedTo":"2015-08-17T00:00:00.000Z","reoccuring":false,"occuranceFrequency":"","approved":true,"requestId":"55d19bb1954fc8e021e6bee1","userId":"55c8af1c7eb1b8642918d340"},{"bookedOn":"2015-08-17T00:00:00.000Z","resourceType":"Port","resourceId":"55c9c0c810ee34cc2724fafd","bookedFrom":"2015-08-17T00:00:00.000Z","bookedTo":"2015-08-21T00:00:00.000Z","reoccuring":false,"occuranceFrequency":"D","approved":true,"projectId":"55c8adbf7eb1b8642918d33f","requestId":"55d1a0ffd8eee8e0145efb1a","userId":"55c8af1c7eb1b8642918d340"},{"bookedOn":"2015-08-17T00:00:00.000Z","resourceType":"Test3","resourceId":"55c9c0c810ee34cc2724fafd","bookedFrom":"2015-08-17T00:00:00.000Z","bookedTo":"2015-08-17T00:00:00.000Z","reoccuring":false,"occuranceFrequency":"","approved":true,"requestId":"55d1a14e4147744812ff3ab6","userId":"55c8af1c7eb1b8642918d340"},{"bookedOn":"2015-08-17T00:00:00.000Z","resourceType":"Test3","resourceId":"55c9c0c810ee34cc2724fafd","bookedFrom":"2015-08-17T00:00:00.000Z","bookedTo":"2015-08-17T00:00:00.000Z","reoccuring":false,"occuranceFrequency":"","approved":true,"requestId":"55d1a2bd4db7ad00269ba0bd","userId":"55c8af1c7eb1b8642918d340"},{"bookedOn":"2015-08-17T00:00:00.000Z","resourceType":"Test3","resourceId":"55c9c0c810ee34cc2724fafd","bookedFrom":"2015-08-17T00:00:00.000Z","bookedTo":"2015-08-17T00:00:00.000Z","reoccuring":false,"occuranceFrequency":"","approved":true,"requestId":"55d1b487436b67cc1b061709","userId":"55c8af1c7eb1b8642918d340"},{"bookedOn":"2015-08-17T00:00:00.000Z","resourceType":"Test3","resourceId":"55c9c0c810ee34cc2724fafd","bookedFrom":"2015-08-17T00:00:00.000Z","bookedTo":"2015-08-17T00:00:00.000Z","reoccuring":false,"occuranceFrequency":"","approved":true,"requestId":"55d1b5423473c90425682c67","userId":"55c8af1c7eb1b8642918d340"},{"bookedOn":"2015-08-17T00:00:00.000Z","resourceType":"Port","resourceId":"55c9c0c810ee34cc2724fafd","bookedFrom":"2015-08-31T00:00:00.000Z","bookedTo":"2016-03-05T00:00:00.000Z","reoccuring":false,"occuranceFrequency":"M","approved":true,"projectId":"55c8adbf7eb1b8642918d33f","requestId":"55d1b61fa02d6e50144c09c8","userId":"55c8af1c7eb1b8642918d340"},{"bookedOn":"2015-08-17T00:00:00.000Z","resourceType":"Test3","resourceId":"55c9c0c810ee34cc2724fafd","bookedFrom":"2015-08-17T00:00:00.000Z","bookedTo":"2015-08-17T00:00:00.000Z","reoccuring":false,"occuranceFrequency":"","approved":true,"requestId":"55d1b96e5f22f7441f42ec6e","userId":"55c8af1c7eb1b8642918d340"},{"bookedOn":"2015-08-17T00:00:00.000Z","resourceType":"Test3","resourceId":"55c9c0c810ee34cc2724fafd","bookedFrom":"2015-08-17T00:00:00.000Z","bookedTo":"2015-08-17T00:00:00.000Z","reoccuring":false,"occuranceFrequency":"","approved":true,"requestId":"55d1b9ad185193a8236e0ec2","userId":"55c8af1c7eb1b8642918d340"},{"bookedOn":"2015-08-17T00:00:00.000Z","resourceType":"Test3","resourceId":"55c9c0c810ee34cc2724fafd","bookedFrom":"2015-08-17T00:00:00.000Z","bookedTo":"2015-08-17T00:00:00.000Z","reoccuring":false,"occuranceFrequency":"","approved":true,"requestId":"55d1b9f9d815070c2383fa5f","userId":"55c8af1c7eb1b8642918d340"},{"bookedOn":"2015-08-17T00:00:00.000Z","resourceType":"Port","resourceId":"55c9c0c810ee34cc2724fafd","bookedFrom":"2015-08-17T00:00:00.000Z","bookedTo":"2015-08-17T00:00:00.000Z","reoccuring":false,"occuranceFrequency":"","approved":true,"requestId":"55d1bb5c5b82004c115ca960","userId":"55c8af1c7eb1b8642918d340"},{"bookedOn":"2015-08-17T00:00:00.000Z","resourceType":"Port","resourceId":"55c9c0c810ee34cc2724fafd","bookedFrom":"2015-08-17T00:00:00.000Z","bookedTo":"2015-08-17T00:00:00.000Z","reoccuring":false,"occuranceFrequency":"","approved":true,"requestId":"55d1bfb0d513397004f9bb46","userId":"55c8af1c7eb1b8642918d340"},{"bookedOn":"2015-08-17T00:00:00.000Z","resourceType":"Port","resourceId":"55c9c0c810ee34cc2724fafd","bookedFrom":"2015-08-17T00:00:00.000Z","bookedTo":"2015-08-17T00:00:00.000Z","reoccuring":false,"occuranceFrequency":"","approved":true,"requestId":"55d1bfe868eacdf417314a0f","userId":"55c8af1c7eb1b8642918d340"},{"bookedOn":"2015-08-17T00:00:00.000Z","resourceType":"Port","resourceId":"55c9c0c810ee34cc2724fafd","bookedFrom":"2015-08-17T00:00:00.000Z","bookedTo":"2015-08-17T00:00:00.000Z","reoccuring":false,"occuranceFrequency":"","approved":true,"requestId":"55d1c04bbacb5c8c1c8b61af","userId":"55c8af1c7eb1b8642918d340"},{"bookedOn":"2015-08-17T00:00:00.000Z","resourceType":"Port","resourceId":"55c9c0c810ee34cc2724fafd","bookedFrom":"2015-08-17T00:00:00.000Z","bookedTo":"2015-08-17T00:00:00.000Z","reoccuring":false,"occuranceFrequency":"","approved":true,"requestId":"55d1c08eeabaab3823e48d62","userId":"55c8af1c7eb1b8642918d340"},{"bookedOn":"2015-08-17T00:00:00.000Z","resourceType":"Test3","resourceId":"55c9c0c810ee34cc2724fafd","bookedFrom":"2015-08-17T00:00:00.000Z","bookedTo":"2015-08-17T00:00:00.000Z","reoccuring":false,"occuranceFrequency":"","approved":true,"requestId":"55d1f4465f6fb35819cde2e5","userId":"55c8af1c7eb1b8642918d340"},{"bookedOn":"2015-08-20T00:00:00.000Z","resourceType":"Port","resourceId":"55c9c0c810ee34cc2724fafd","bookedFrom":"2015-08-21T00:00:00.000Z","bookedTo":"2015-09-15T00:00:00.000Z","reoccuring":false,"occuranceFrequency":"W","approved":false,"projectId":"55c8adbf7eb1b8642918d33f","requestId":"55d6114ae667a484030112d9","userId":"55c8af1c7eb1b8642918d340"},{"bookedOn":"2015-08-24T00:00:00.000Z","resourceType":"Port","resourceId":"55c9c0c810ee34cc2724faf","bookedFrom":"2015-08-21T00:00:00.000Z","bookedTo":"2015-08-29T00:00:00.000Z","reoccuring":false,"occuranceFrequency":"D","approved":false,"projectId":"55c8adbf7eb1b8642918d33f","requestId":"55dc31c3aefb611829c4f3d9","userId":"55c8af1c7eb1b8642918d340"},{"bookedOn":"2015-08-24T00:00:00.000Z","resourceType":"Port","resourceId":"55c9c0c810ee34cc2724faf","bookedFrom":"2015-08-21T00:00:00.000Z","bookedTo":"2015-08-29T00:00:00.000Z","reoccuring":false,"occuranceFrequency":"W","approved":false,"projectId":"55c8adbf7eb1b8642918d33f","requestId":"55dc3290aefb611829c4f3e3","userId":"55c8af1c7eb1b8642918d340"}]